Workbook

Sheet Read me
A1: The Gardeners Arms — till and cellar
A3: Type only in the shaded boxes. Everything else works itself out.
A5: NIGHTS — one row per receipt.
A6: Put in the date, the Z number, and the figures off the receipt.
A7: Two or three receipts in one night: give them each a row with the same date. The day
A8: columns add them together and judge the night as a whole.
A9: A receipt printed after midnight belongs to the night before, so date it the day the
A10: night started.
A11: Cash in drawer is everything in the till at the end. Float put back is what you leave in
A12: for the morning, so it is not counted as takings. Leave it empty if you take the lot.
A13: Until a card or a cash figure is in, the night reads "not counted yet" — never £0.
A15: SOLD — one row per line the receipt sold.
... A44: Alpine is entered at 2.1 kegs because the middle keg has no empty weight to work from.

Sheet Nights
A1: Nights
A2: One row per receipt. Two receipts in one night? Same date on both rows and the day columns add them.
A3: Allowed out by | B3: 0.05 | C3: Anything within this counts as balanced.
A4: Date | B4: Z number | C4: Till roll total | D4: Card | E4: Cash in drawer | F4: Float put back | G4: Night — till | H4: Night — card | I4: Night — cash | J4: Night — float | K4: Night — counted | L4: Out by | M4: Verdict
A5: 46257 | B5: 1685 | C5: 2192.8 | D5: 1841 | E5: 351.8 | G5: =IF($A5="","",SUMIF($A$5:$A$300,$A5,$C$5:$C$300)) | H5: =IF($A5="","",SUMIF($A$5:$A$300,$A5,$D$5:$D$300)) | I5: =IF($A5="","",SUMIF($A$5:$A$300,$A5,$E$5:$E$300)) | J5: =IF($A5="","",SUMIF($A$5:$A$300,$A5,$F$5:$F$300)) | K5: =IF($A5="","",IF(SUMPRODUCT(($A$5:$A$300=$A5)*(ISNUMBER($D$5:$D$300)+ISNUMBER($E$5:$E$300)))=0,"",H5+I5-J5)) | L5: =IF(OR($A5="",K5=""),"",K5-G5) | M5: =IF($A5="","",IF(K5="","not counted yet",IF(ABS(L5)<=$B$3,"Balanced",IF(L5<0,"Short","Over"))))
G6: =IF($A6="","",SUMIF($A$5:$A$300,$A6,$C$5:$C$300)) | H6: =IF($A6="","",SUMIF($A$5:$A$300,$A6,$D$5:$D$300)) | I6: =IF($A6="","",SUMIF($A$5:$A$300,$A6,$E$5:$E$300)) | J6: =IF($A6="","",SUMIF($A$5:$A$300,$A6,$F$5:$F$300)) | K6: =IF($A6="","",IF(SUMPRODUCT(($A$5:$A$300=$A6)*(ISNUMBER($D$5:$D$300)+ISNUMBER($E$5:$E$300)))=0,"",H6+I6-J6)) | L6: =IF(OR($A6="",K6=""),"",K6-G6) | M6: =IF($A6="","",IF(K6="","not counted yet",IF(ABS(L6)<=$B$3,"Balanced",IF(L6<0,"Short","Over"))))
G7: =IF($A7="","",SUMIF($A$5:$A$300,$A7,$C$5:$C$300)) | H7: =IF($A7="","",SUMIF($A$5:$A$300,$A7,$D$5:$D$300)) | I7: =IF($A7="","",SUMIF($A$5:$A$300,$A7,$E$5:$E$300)) | J7: =IF($A7="","",SUMIF($A$5:$A$300,$A7,$F$5:$F$300)) | K7: =IF($A7="","",IF(SUMPRODUCT(($A$5:$A$300=$A7)*(ISNUMBER($D$5:$D$300)+ISNUMBER($E$5:$E$300)))=0,"",H7+I7-J7)) | L7: =IF(OR($A7="",K7=""),"",K7-G7) | M7: =IF($A7="","",IF(K7="","not counted yet",IF(ABS(L7)<=$B$3,"Balanced",IF(L7<0,"Short","Over"))))
G8: =IF($A8="","",SUMIF($A$5:$A$300,$A8,$C$5:$C$300)) | H8: =IF($A8="","",SUMIF($A$5:$A$300,$A8,$D$5:$D$300)) | I8: =IF($A8="","",SUMIF($A$5:$A$300,$A8,$E$5:$E$300)) | J8: =IF($A8="","",SUMIF($A$5:$A$300,$A8,$F$5:$F$300)) | K8: =IF($A8="","",IF(SUMPRODUCT(($A$5:$A$300=$A8)*(ISNUMBER($D$5:$D$300)+ISNUMBER($E$5:$E$300)))=0,"",H8+I8-J8)) | L8: =IF(OR($A8="",K8=""),"",K8-G8) | M8: =IF($A8="","",IF(K8="","not counted yet",IF(ABS(L8)<=$B$3,"Balanced",IF(L8<0,"Short","Over"))))
G9: =IF($A9="","",SUMIF($A$5:$A$300,$A9,$C$5:$C$300)) | H9: =IF($A9="","",SUMIF($A$5:$A$300,$A9,$D$5:$D$300)) | I9: =IF($A9="","",SUMIF($A$5:$A$300,$A9,$E$5:$E$300)) | J9: =IF($A9="","",SUMIF($A$5:$A$300,$A9,$F$5:$F$300)) | K9: =IF($A9="","",IF(SUMPRODUCT(($A$5:$A$300=$A9)*(ISNUMBER($D$5:$D$300)+ISNUMBER($E$5:$E$300)))=0,"",H9+I9-J9)) | L9: =IF(OR($A9="",K9=""),"",K9-G9) | M9: =IF($A9="","",IF(K9="","not counted yet",IF(ABS(L9)<=$B$3,"Balanced",IF(L9<0,"Short","Over"))))
G10: =IF($A10="","",SUMIF($A$5:$A$300,$A10,$C$5:$C$300)) | H10: =IF($A10="","",SUMIF($A$5:$A$300,$A10,$D$5:$D$300)) | I10: =IF($A10="","",SUMIF($A$5:$A$300,$A10,$E$5:$E$300)) | J10: =IF($A10="","",SUMIF($A$5:$A$300,$A10,$F$5:$F$300)) | K10: =IF($A10="","",IF(SUMPRODUCT(($A$5:$A$300=$A10)*(ISNUMBER($D$5:$D$300)+ISNUMBER($E$5:$E$300)))=0,"",H10+I10-J10)) | L10: =IF(OR($A10="",K10=""),"",K10-G10) | M10: =IF($A10="","",IF(K10="","not counted yet",IF(ABS(L10)<=$B$3,"Balanced",IF(L10<0,"Short","Over"))))
G11: =IF($A11="","",SUMIF($A$5:$A$300,$A11,$C$5:$C$300)) | H11: =IF($A11="","",SUMIF($A$5:$A$300,$A11,$D$5:$D$300)) | I11: =IF($A11="","",SUMIF($A$5:$A$300,$A11,$E$5:$E$300)) | J11: =IF($A11="","",SUMIF($A$5:$A$300,$A11,$F$5:$F$300)) | K11: =IF($A11="","",IF(SUMPRODUCT(($A$5:$A$300=$A11)*(ISNUMBER($D$5:$D$300)+ISNUMBER($E$5:$E$300)))=0,"",H11+I11-J11)) | L11: =IF(OR($A11="",K11=""),"",K11-G11) | M11: =IF($A11="","",IF(K11="","not counted yet",IF(ABS(L11)<=$B$3,"Balanced",IF(L11<0,"Short","Over"))))
G12: =IF($A12="","",SUMIF($A$5:$A$300,$A12,$C$5:$C$300)) | H12: =IF($A12="","",SUMIF($A$5:$A$300,$A12,$D$5:$D$300)) | I12: =IF($A12="","",SUMIF($A$5:$A$300,$A12,$E$5:$E$300)) | J12: =IF($A12="","",SUMIF($A$5:$A$300,$A12,$F$5:$F$300)) | K12: =IF($A12="","",IF(SUMPRODUCT(($A$5:$A$300=$A12)*(ISNUMBER($D$5:$D$300)+ISNUMBER($E$5:$E$300)))=0,"",H12+I12-J12)) | L12: =IF(OR($A12="",K12=""),"",K12-G12) | M12: =IF($A12="","",IF(K12="","not counted yet",IF(ABS(L12)<=$B$3,"Balanced",IF(L12<0,"Short","Over"))))
G13: =IF($A13="","",SUMIF($A$5:$A$300,$A13,$C$5:$C$300)) | H13: =IF($A13="","",SUMIF($A$5:$A$300,$A13,$D$5:$D$300)) | I13: =IF($A13="","",SUMIF($A$5:$A$300,$A13,$E$5:$E$300)) | J13: =IF($A13="","",SUMIF($A$5:$A$300,$A13,$F$5:$F$300)) | K13: =IF($A13="","",IF(SUMPRODUCT(($A$5:$A$300=$A13)*(ISNUMBER($D$5:$D$300)+ISNUMBER($E$5:$E$300)))=0,"",H13+I13-J13)) | L13: =IF(OR($A13="",K13=""),"",K13-G13) | M13: =IF($A13="","",IF(K13="","not counted yet",IF(ABS(L13)<=$B$3,"Balanced",IF(L13<0,"Short","Over"))))
G14: =IF($A14="","",SUMIF($A$5:$A$300,$A14,$C$5:$C$300)) | H14: =IF($A14="","",SUMIF($A$5:$A$300,$A14,$D$5:$D$300)) | I14: =IF($A14="","",SUMIF($A$5:$A$300,$A14,$E$5:$E$300)) | J14: =IF($A14="","",SUMIF($A$5:$A$300,$A14,$F$5:$F$300)) | K14: =IF($A14="","",IF(SUMPRODUCT(($A$5:$A$300=$A14)*(ISNUMBER($D$5:$D$300)+ISNUMBER($E$5:$E$300)))=0,"",H14+I14-J14)) | L14: =IF(OR($A14="",K14=""),"",K14-G14) | M14: =IF($A14="","",IF(K14="","not counted yet",IF(ABS(L14)<=$B$3,"Balanced",IF(L14<0,"Short","Over"))))
G15: =IF($A15="","",SUMIF($A$5:$A$300,$A15,$C$5:$C$300)) | H15: =IF($A15="","",SUMIF($A$5:$A$300,$A15,$D$5:$D$300)) | I15: =IF($A15="","",SUMIF($A$5:$A$300,$A15,$E$5:$E$300)) | J15: =IF($A15="","",SUMIF($A$5:$A$300,$A15,$F$5:$F$300)) | K15: =IF($A15="","",IF(SUMPRODUCT(($A$5:$A$300=$A15)*(ISNUMBER($D$5:$D$300)+ISNUMBER($E$5:$E$300)))=0,"",H15+I15-J15)) | L15: =IF(OR($A15="",K15=""),"",K15-G15) | M15: =IF($A15="","",IF(K15="","not counted yet",IF(ABS(L15)<=$B$3,"Balanced",IF(L15<0,"Short","Over"))))
G16: =IF($A16="","",SUMIF($A$5:$A$300,$A16,$C$5:$C$300)) | H16: =IF($A16="","",SUMIF($A$5:$A$300,$A16,$D$5:$D$300)) | I16: =IF($A16="","",SUMIF($A$5:$A$300,$A16,$E$5:$E$300)) | J16: =IF($A16="","",SUMIF($A$5:$A$300,$A16,$F$5:$F$300)) | K16: =IF($A16="","",IF(SUMPRODUCT(($A$5:$A$300=$A16)*(ISNUMBER($D$5:$D$300)+ISNUMBER($E$5:$E$300)))=0,"",H16+I16-J16)) | L16: =IF(OR($A16="",K16=""),"",K16-G16) | M16: =IF($A16="","",IF(K16="","not counted yet",IF(ABS(L16)<=$B$3,"Balanced",IF(L16<0,"Short","Over"))))
G17: =IF($A17="","",SUMIF($A$5:$A$300,$A17,$C$5:$C$300)) | H17: =IF($A17="","",SUMIF($A$5:$A$300,$A17,$D$5:$D$300)) | I17: =IF($A17="","",SUMIF($A$5:$A$300,$A17,$E$5:$E$300)) | J17: =IF($A17="","",SUMIF($A$5:$A$300,$A17,$F$5:$F$300)) | K17: =IF($A17="","",IF(SUMPRODUCT(($A$5:$A$300=$A17)*(ISNUMBER($D$5:$D$300)+ISNUMBER($E$5:$E$300)))=0,"",H17+I17-J17)) | L17: =IF(OR($A17="",K17=""),"",K17-G17) | M17: =IF($A17="","",IF(K17="","not counted yet",IF(ABS(L17)<=$B$3,"Balanced",IF(L17<0,"Short","Over"))))
... G300: =IF($A300="","",SUMIF($A$5:$A$300,$A300,$C$5:$C$300)) | H300: =IF($A300="","",SUMIF($A$5:$A$300,$A300,$D$5:$D$300)) | I300: =IF($A300="","",SUMIF($A$5:$A$300,$A300,$E$5:$E$300)) | J300: =IF($A300="","",SUMIF($A$5:$A$300,$A300,$F$5:$F$300)) | K300: =IF($A300="","",IF(SUMPRODUCT(($A$5:$A$300=$A300)*(ISNUMBER($D$5:$D$300)+ISNUMBER($E$5:$E$300)))=0,"",H300+I300-J300)) | L300: =IF(OR($A300="",K300=""),"",K300-G300) | M300: =IF($A300="","",IF(K300="","not counted yet",IF(ABS(L300)<=$B$3,"Balanced",IF(L300<0,"Short","Over"))))

Sheet Sold
A1: Sold
A2: One row per line the receipt sold. What one sale takes: a pint 1, a half 0.5, a large glass 175, a bottle 1.
A4: Date | B4: Cellar line | C4: What the till called it | D4: How many | E4: Each takes | F4: Taken off | G4: Matched
A5: 46257 | B5: Taddy Lager | C5: PINT TADDY LAGER | D5: 120 | E5: 1 | F5: =IF(OR($B5="",$D5=""),"",$D5*$E5) | G5: =IF($B5="","",IF(COUNTIF(Cellar!$A$5:$A$31,$B5)=0,"NOT IN THE CELLAR","ok"))
A6: 46257 | B6: Taddy Lager | C6: HALF TADDY LAGER | D6: 19 | E6: 0.5 | F6: =IF(OR($B6="",$D6=""),"",$D6*$E6) | G6: =IF($B6="","",IF(COUNTIF(Cellar!$A$5:$A$31,$B6)=0,"NOT IN THE CELLAR","ok"))
A7: 46257 | B7: Alpine | C7: PINT ALPINE | D7: 66 | E7: 1 | F7: =IF(OR($B7="",$D7=""),"",$D7*$E7) | G7: =IF($B7="","",IF(COUNTIF(Cellar!$A$5:$A$31,$B7)=0,"NOT IN THE CELLAR","ok"))
A8: 46257 | B8: Alpine | C8: HALF ALPINE | D8: 26 | E8: 0.5 | F8: =IF(OR($B8="",$D8=""),"",$D8*$E8) | G8: =IF($B8="","",IF(COUNTIF(Cellar!$A$5:$A$31,$B8)=0,"NOT IN THE CELLAR","ok"))
A9: 46257 | B9: Cider | C9: PINT CIDER | D9: 28 | E9: 1 | F9: =IF(OR($B9="",$D9=""),"",$D9*$E9) | G9: =IF($B9="","",IF(COUNTIF(Cellar!$A$5:$A$31,$B9)=0,"NOT IN THE CELLAR","ok"))
A10: 46257 | B10: Cider | C10: HALF CIDER | D10: 6 | E10: 0.5 | F10: =IF(OR($B10="",$D10=""),"",$D10*$E10) | G10: =IF($B10="","",IF(COUNTIF(Cellar!$A$5:$A$31,$B10)=0,"NOT IN THE CELLAR","ok"))
A11: 46257 | B11: Stout | C11: PINT STOUT | D11: 24 | E11: 1 | F11: =IF(OR($B11="",$D11=""),"",$D11*$E11) | G11: =IF($B11="","",IF(COUNTIF(Cellar!$A$5:$A$31,$B11)=0,"NOT IN THE CELLAR","ok"))
A12: 46257 | B12: Dark Mild | C12: PINT DARK MILD | D12: 5 | E12: 1 | F12: =IF(OR($B12="",$D12=""),"",$D12*$E12) | G12: =IF($B12="","",IF(COUNTIF(Cellar!$A$5:$A$31,$B12)=0,"NOT IN THE CELLAR","ok"))
A13: 46257 | B13: White wine | C13: 125ML HOUSE WINE | D13: 8 | E13: 125 | F13: =IF(OR($B13="",$D13=""),"",$D13*$E13) | G13: =IF($B13="","",IF(COUNTIF(Cellar!$A$5:$A$31,$B13)=0,"NOT IN THE CELLAR","ok"))
A14: 46257 | B14: White wine | C14: 175ML HOUSE WINE | D14: 7 | E14: 175 | F14: =IF(OR($B14="",$D14=""),"",$D14*$E14) | G14: =IF($B14="","",IF(COUNTIF(Cellar!$A$5:$A$31,$B14)=0,"NOT IN THE CELLAR","ok"))
A15: 46257 | B15: White wine | C15: 250ML HOUSE WINE | D15: 11 | E15: 250 | F15: =IF(OR($B15="",$D15=""),"",$D15*$E15) | G15: =IF($B15="","",IF(COUNTIF(Cellar!$A$5:$A$31,$B15)=0,"NOT IN THE CELLAR","ok"))
A16: 46257 | B16: Rose | C16: 175ML ROSE | D16: 6 | E16: 175 | F16: =IF(OR($B16="",$D16=""),"",$D16*$E16) | G16: =IF($B16="","",IF(COUNTIF(Cellar!$A$5:$A$31,$B16)=0,"NOT IN THE CELLAR","ok"))
... A27: 46257 | B27: Pure Brew (bottled) | C27: Bot pure brew | D27: 1 | E27: 1 | F27: =IF(OR($B27="",$D27=""),"",$D27*$E27) | G27: =IF($B27="","",IF(COUNTIF(Cellar!$A$5:$A$31,$B27)=0,"NOT IN THE CELLAR","ok"))
F28: =IF(OR($B28="",$D28=""),"",$D28*$E28) | G28: =IF($B28="","",IF(COUNTIF(Cellar!$A$5:$A$31,$B28)=0,"NOT IN THE CELLAR","ok"))
F29: =IF(OR($B29="",$D29=""),"",$D29*$E29) | G29: =IF($B29="","",IF(COUNTIF(Cellar!$A$5:$A$31,$B29)=0,"NOT IN THE CELLAR","ok"))
F30: =IF(OR($B30="",$D30=""),"",$D30*$E30) | G30: =IF($B30="","",IF(COUNTIF(Cellar!$A$5:$A$31,$B30)=0,"NOT IN THE CELLAR","ok"))
F31: =IF(OR($B31="",$D31=""),"",$D31*$E31) | G31: =IF($B31="","",IF(COUNTIF(Cellar!$A$5:$A$31,$B31)=0,"NOT IN THE CELLAR","ok"))
F32: =IF(OR($B32="",$D32=""),"",$D32*$E32) | G32: =IF($B32="","",IF(COUNTIF(Cellar!$A$5:$A$31,$B32)=0,"NOT IN THE CELLAR","ok"))
F33: =IF(OR($B33="",$D33=""),"",$D33*$E33) | G33: =IF($B33="","",IF(COUNTIF(Cellar!$A$5:$A$31,$B33)=0,"NOT IN THE CELLAR","ok"))
F34: =IF(OR($B34="",$D34=""),"",$D34*$E34) | G34: =IF($B34="","",IF(COUNTIF(Cellar!$A$5:$A$31,$B34)=0,"NOT IN THE CELLAR","ok"))
F35: =IF(OR($B35="",$D35=""),"",$D35*$E35) | G35: =IF($B35="","",IF(COUNTIF(Cellar!$A$5:$A$31,$B35)=0,"NOT IN THE CELLAR","ok"))
F36: =IF(OR($B36="",$D36=""),"",$D36*$E36) | G36: =IF($B36="","",IF(COUNTIF(Cellar!$A$5:$A$31,$B36)=0,"NOT IN THE CELLAR","ok"))
F37: =IF(OR($B37="",$D37=""),"",$D37*$E37) | G37: =IF($B37="","",IF(COUNTIF(Cellar!$A$5:$A$31,$B37)=0,"NOT IN THE CELLAR","ok"))
F38: =IF(OR($B38="",$D38=""),"",$D38*$E38) | G38: =IF($B38="","",IF(COUNTIF(Cellar!$A$5:$A$31,$B38)=0,"NOT IN THE CELLAR","ok"))
F39: =IF(OR($B39="",$D39=""),"",$D39*$E39) | G39: =IF($B39="","",IF(COUNTIF(Cellar!$A$5:$A$31,$B39)=0,"NOT IN THE CELLAR","ok"))
... F800: =IF(OR($B800="",$D800=""),"",$D800*$E800) | G800: =IF($B800="","",IF(COUNTIF(Cellar!$A$5:$A$31,$B800)=0,"NOT IN THE CELLAR","ok"))

Sheet Cellar
A1: Cellar
A2: Counted on 16 September 2026, from your own stock take. It takes off whatever the Sold sheet says went.
A3: Counted on | B3: 46281 | C3: Only what the Sold sheet dates on or after this day comes off.
A4: Line | B4: Counted in | C4: Counted | D4: Booked in since | E4: Sold since | F4: Left now | G4: A full container is
A5: Taddy Lager | B5: pint | C5: 1056 | E5: =SUMIFS(Sold!$F$5:$F$800,Sold!$B$5:$B$800,$A5,Sold!$A$5:$A$800,">="&$B$3) | F5: =IF($C5="","not counted",$C5+IF($D5="",0,$D5)-$E5) | G5: large keg (176 pint)
A6: Alpine | B6: pint | C6: 302.4 | E6: =SUMIFS(Sold!$F$5:$F$800,Sold!$B$5:$B$800,$A6,Sold!$A$5:$A$800,">="&$B$3) | F6: =IF($C6="","not counted",$C6+IF($D6="",0,$D6)-$E6) | G6: middle keg (144 pint)
A7: Stout | B7: pint | C7: 218.24 | E7: =SUMIFS(Sold!$F$5:$F$800,Sold!$B$5:$B$800,$A7,Sold!$A$5:$A$800,">="&$B$3) | F7: =IF($C7="","not counted",$C7+IF($D7="",0,$D7)-$E7) | G7: small keg (88 pint)
A8: Cider | B8: pint | C8: 171.03 | E8: =SUMIFS(Sold!$F$5:$F$800,Sold!$B$5:$B$800,$A8,Sold!$A$5:$A$800,">="&$B$3) | F8: =IF($C8="","not counted",$C8+IF($D8="",0,$D8)-$E8) | G8: small keg (88 pint)
A9: Dark Mild | B9: pint | C9: 67.86 | E9: =SUMIFS(Sold!$F$5:$F$800,Sold!$B$5:$B$800,$A9,Sold!$A$5:$A$800,">="&$B$3) | F9: =IF($C9="","not counted",$C9+IF($D9="",0,$D9)-$E9) | G9: small keg (88 pint)
A10: Rose | B10: ml | C10: 18750 | E10: =SUMIFS(Sold!$F$5:$F$800,Sold!$B$5:$B$800,$A10,Sold!$A$5:$A$800,">="&$B$3) | F10: =IF($C10="","not counted",$C10+IF($D10="",0,$D10)-$E10) | G10: wine bottle (750 ml)
A11: Red wine | B11: ml | C11: 11125 | E11: =SUMIFS(Sold!$F$5:$F$800,Sold!$B$5:$B$800,$A11,Sold!$A$5:$A$800,">="&$B$3) | F11: =IF($C11="","not counted",$C11+IF($D11="",0,$D11)-$E11) | G11: wine bottle (750 ml)
A12: White wine | B12: ml | C12: 55125 | E12: =SUMIFS(Sold!$F$5:$F$800,Sold!$B$5:$B$800,$A12,Sold!$A$5:$A$800,">="&$B$3) | F12: =IF($C12="","not counted",$C12+IF($D12="",0,$D12)-$E12) | G12: wine bottle (750 ml)
A13: Cherry | B13: bottle | C13: 46 | E13: =SUMIFS(Sold!$F$5:$F$800,Sold!$B$5:$B$800,$A13,Sold!$A$5:$A$800,">="&$B$3) | F13: =IF($C13="","not counted",$C13+IF($D13="",0,$D13)-$E13) | G13: —
A14: Raspberry | B14: bottle | C14: 22 | E14: =SUMIFS(Sold!$F$5:$F$800,Sold!$B$5:$B$800,$A14,Sold!$A$5:$A$800,">="&$B$3) | F14: =IF($C14="","not counted",$C14+IF($D14="",0,$D14)-$E14) | G14: —
A15: Chocolate | B15: bottle | C15: 39 | E15: =SUMIFS(Sold!$F$5:$F$800,Sold!$B$5:$B$800,$A15,Sold!$A$5:$A$800,">="&$B$3) | F15: =IF($C15="","not counted",$C15+IF($D15="",0,$D15)-$E15) | G15: —
A16: Apricot | B16: bottle | C16: 38 | E16: =SUMIFS(Sold!$F$5:$F$800,Sold!$B$5:$B$800,$A16,Sold!$A$5:$A$800,">="&$B$3) | F16: =IF($C16="","not counted",$C16+IF($D16="",0,$D16)-$E16) | G16: —
... A31: Dry Roast | B31: unit | C31: 58 | E31: =SUMIFS(Sold!$F$5:$F$800,Sold!$B$5:$B$800,$A31,Sold!$A$5:$A$800,">="&$B$3) | F31: =IF($C31="","not counted",$C31+IF($D31="",0,$D31)-$E31) | G31: —
A33: Lines on the Sold sheet matching nothing here | C33: =COUNTIF(Sold!$G$5:$G$800,"NOT IN THE CELLAR") | D33: Anything above zero is stock going out with nothing coming off.
A35: Source: your own stock take of 16 September 2026.
A36: Alpine is 2.1 kegs: the middle keg has no empty weight, so it was measured by eye.
A37: Crisps are the six flavours added together, because the till sells them on one button.
A38: Spirits, post mix, OBB and Pure Brew on draught were not counted, so they are not here.
A39: A pint is 568ml, so two halves make one pint exactly. Wine is counted in millilitres.
