Workbook

Sheet Stock
A1: The cellar
A2: Your stock take is the total. Every night on the Nights tab comes off it.
A4: Line | B4: Counted in | C4: Stock take | D4: Sold so far | E4: Left | F4: Money taken | G4: A full one is
A5: Taddy Lager | B5: pints | C5: 1056 | D5: =SUMIF(Nights!$B$5:$B$600,$A5,Nights!$F$5:$F$600) | E5: =IF($C5="","not counted",$C5-$D5) | F5: =SUMIF(Nights!$B$5:$B$600,$A5,Nights!$G$5:$G$600) | G5: large keg (176 pint)
A6: Alpine | B6: pints | C6: 302.4 | D6: =SUMIF(Nights!$B$5:$B$600,$A6,Nights!$F$5:$F$600) | E6: =IF($C6="","not counted",$C6-$D6) | F6: =SUMIF(Nights!$B$5:$B$600,$A6,Nights!$G$5:$G$600) | G6: middle keg (144 pint)
A7: Stout | B7: pints | C7: 218.24 | D7: =SUMIF(Nights!$B$5:$B$600,$A7,Nights!$F$5:$F$600) | E7: =IF($C7="","not counted",$C7-$D7) | F7: =SUMIF(Nights!$B$5:$B$600,$A7,Nights!$G$5:$G$600) | G7: small keg (88 pint)
A8: Cider | B8: pints | C8: 171.03 | D8: =SUMIF(Nights!$B$5:$B$600,$A8,Nights!$F$5:$F$600) | E8: =IF($C8="","not counted",$C8-$D8) | F8: =SUMIF(Nights!$B$5:$B$600,$A8,Nights!$G$5:$G$600) | G8: small keg (88 pint)
A9: Dark Mild | B9: pints | C9: 67.86 | D9: =SUMIF(Nights!$B$5:$B$600,$A9,Nights!$F$5:$F$600) | E9: =IF($C9="","not counted",$C9-$D9) | F9: =SUMIF(Nights!$B$5:$B$600,$A9,Nights!$G$5:$G$600) | G9: small keg (88 pint)
A10: Rose | B10: ml | C10: 18750 | D10: =SUMIF(Nights!$B$5:$B$600,$A10,Nights!$F$5:$F$600) | E10: =IF($C10="","not counted",$C10-$D10) | F10: =SUMIF(Nights!$B$5:$B$600,$A10,Nights!$G$5:$G$600) | G10: wine bottle (750 ml)
A11: Red wine | B11: ml | C11: 11125 | D11: =SUMIF(Nights!$B$5:$B$600,$A11,Nights!$F$5:$F$600) | E11: =IF($C11="","not counted",$C11-$D11) | F11: =SUMIF(Nights!$B$5:$B$600,$A11,Nights!$G$5:$G$600) | G11: wine bottle (750 ml)
A12: White wine | B12: ml | C12: 55125 | D12: =SUMIF(Nights!$B$5:$B$600,$A12,Nights!$F$5:$F$600) | E12: =IF($C12="","not counted",$C12-$D12) | F12: =SUMIF(Nights!$B$5:$B$600,$A12,Nights!$G$5:$G$600) | G12: wine bottle (750 ml)
A13: Cherry | B13: bottles | C13: 46 | D13: =SUMIF(Nights!$B$5:$B$600,$A13,Nights!$F$5:$F$600) | E13: =IF($C13="","not counted",$C13-$D13) | F13: =SUMIF(Nights!$B$5:$B$600,$A13,Nights!$G$5:$G$600) | G13: —
A14: Raspberry | B14: bottles | C14: 22 | D14: =SUMIF(Nights!$B$5:$B$600,$A14,Nights!$F$5:$F$600) | E14: =IF($C14="","not counted",$C14-$D14) | F14: =SUMIF(Nights!$B$5:$B$600,$A14,Nights!$G$5:$G$600) | G14: —
A15: Chocolate | B15: bottles | C15: 39 | D15: =SUMIF(Nights!$B$5:$B$600,$A15,Nights!$F$5:$F$600) | E15: =IF($C15="","not counted",$C15-$D15) | F15: =SUMIF(Nights!$B$5:$B$600,$A15,Nights!$G$5:$G$600) | G15: —
A16: Apricot | B16: bottles | C16: 38 | D16: =SUMIF(Nights!$B$5:$B$600,$A16,Nights!$F$5:$F$600) | E16: =IF($C16="","not counted",$C16-$D16) | F16: =SUMIF(Nights!$B$5:$B$600,$A16,Nights!$G$5:$G$600) | G16: —
... A31: Dry Roast | B31: each | C31: 58 | D31: =SUMIF(Nights!$B$5:$B$600,$A31,Nights!$F$5:$F$600) | E31: =IF($C31="","not counted",$C31-$D31) | F31: =SUMIF(Nights!$B$5:$B$600,$A31,Nights!$G$5:$G$600) | G31: —
A32: OBB (draught) | B32: not counted yet | D32: =SUMIF(Nights!$B$5:$B$600,$A32,Nights!$F$5:$F$600) | E32: =IF($C32="","not counted",$C32-$D32) | F32: =SUMIF(Nights!$B$5:$B$600,$A32,Nights!$G$5:$G$600) | G32: —
A33: Pure Brew (draught) | B33: not counted yet | D33: =SUMIF(Nights!$B$5:$B$600,$A33,Nights!$F$5:$F$600) | E33: =IF($C33="","not counted",$C33-$D33) | F33: =SUMIF(Nights!$B$5:$B$600,$A33,Nights!$G$5:$G$600) | G33: —
A34: Post mix (half) | B34: not counted yet | D34: =SUMIF(Nights!$B$5:$B$600,$A34,Nights!$F$5:$F$600) | E34: =IF($C34="","not counted",$C34-$D34) | F34: =SUMIF(Nights!$B$5:$B$600,$A34,Nights!$G$5:$G$600) | G34: —
A35: Dash | B35: not counted yet | D35: =SUMIF(Nights!$B$5:$B$600,$A35,Nights!$F$5:$F$600) | E35: =IF($C35="","not counted",$C35-$D35) | F35: =SUMIF(Nights!$B$5:$B$600,$A35,Nights!$G$5:$G$600) | G35: —
A36: Vodka | B36: not counted yet | D36: =SUMIF(Nights!$B$5:$B$600,$A36,Nights!$F$5:$F$600) | E36: =IF($C36="","not counted",$C36-$D36) | F36: =SUMIF(Nights!$B$5:$B$600,$A36,Nights!$G$5:$G$600) | G36: —
A37: Whisky | B37: not counted yet | D37: =SUMIF(Nights!$B$5:$B$600,$A37,Nights!$F$5:$F$600) | E37: =IF($C37="","not counted",$C37-$D37) | F37: =SUMIF(Nights!$B$5:$B$600,$A37,Nights!$G$5:$G$600) | G37: —
A38: Dark rum | B38: not counted yet | D38: =SUMIF(Nights!$B$5:$B$600,$A38,Nights!$F$5:$F$600) | E38: =IF($C38="","not counted",$C38-$D38) | F38: =SUMIF(Nights!$B$5:$B$600,$A38,Nights!$G$5:$G$600) | G38: —
A39: Tequila | B39: not counted yet | D39: =SUMIF(Nights!$B$5:$B$600,$A39,Nights!$F$5:$F$600) | E39: =IF($C39="","not counted",$C39-$D39) | F39: =SUMIF(Nights!$B$5:$B$600,$A39,Nights!$G$5:$G$600) | G39: —
A40: Open food | B40: not counted yet | D40: =SUMIF(Nights!$B$5:$B$600,$A40,Nights!$F$5:$F$600) | E40: =IF($C40="","not counted",$C40-$D40) | F40: =SUMIF(Nights!$B$5:$B$600,$A40,Nights!$G$5:$G$600) | G40: —
A41: Taken, all lines | F41: =SUM($F$5:$F$40)
A43: Stock take is what you counted on 16 September 2026. Type a new count over it whenever you take one.
A44: Sold so far and Money taken add up every night on the Nights tab — put each new night in there and these move.
A45: Left is the stock take less what the tills have sold since. A line you leave blank says "not counted".
A46: The last nine lines are things the till sells that the stock take does not count yet.

Sheet Nights
A1: Every night
A2: One row per line on the receipt. Add each new night underneath — the Stock tab takes it off.
A4: Date | B4: Line | C4: What the till called it | D4: How many | E4: Each takes | F4: Off the cellar | G4: Money
A5: 46283 | B5: Taddy Lager | C5: PINT TADDY LAGER | D5: 123 | E5: 1 | F5: =IF(OR($B5="",$D5=""),"",$D5*$E5) | G5: 492
A6: 46283 | B6: OBB (draught) | C6: PINT OBB | D6: 85 | E6: 1 | F6: =IF(OR($B6="",$D6=""),"",$D6*$E6) | G6: 306
A7: 46283 | B7: Alpine | C7: PINT ALPINE | D7: 80 | E7: 1 | F7: =IF(OR($B7="",$D7=""),"",$D7*$E7) | G7: 240
A8: 46283 | B8: Post mix (half) | C8: HALF POST MIX | D8: 49 | E8: 1 | F8: =IF(OR($B8="",$D8=""),"",$D8*$E8) | G8: 93.1
A9: 46283 | B9: Pure Brew (draught) | C9: PINT PURE BREW | D9: 41 | E9: 1 | F9: =IF(OR($B9="",$D9=""),"",$D9*$E9) | G9: 217.3
A10: 46283 | B10: Alpine | C10: HALF ALPINE | D10: 34 | E10: 0.5 | F10: =IF(OR($B10="",$D10=""),"",$D10*$E10) | G10: 51
A11: 46283 | B11: Taddy Lager | C11: HALF TADDY LAGER | D11: 20 | E11: 0.5 | F11: =IF(OR($B11="",$D11=""),"",$D11*$E11) | G11: 40
A12: 46283 | B12: White wine | C12: 125ML HOUSE WINE | D12: 18 | E12: 125 | F12: =IF(OR($B12="",$D12=""),"",$D12*$E12) | G12: 67.5
A13: 46283 | B13: Stout | C13: PINT STOUT | D13: 17 | E13: 1 | F13: =IF(OR($B13="",$D13=""),"",$D13*$E13) | G13: 68
A14: 46283 | B14: Dark Mild | C14: PINT DARK MILD | D14: 14 | E14: 1 | F14: =IF(OR($B14="",$D14=""),"",$D14*$E14) | G14: 39.2
A15: 46283 | B15: Cider | C15: PINT CIDER | D15: 13 | E15: 1 | F15: =IF(OR($B15="",$D15=""),"",$D15*$E15) | G15: 68.9
A16: 46283 | B16: Vodka | C16: VODKA | D16: 12 | E16: 1 | F16: =IF(OR($B16="",$D16=""),"",$D16*$E16) | G16: 37.8
... A36: 46283 | B36: Dark Mild | C36: HALF DARK MILD | D36: 1 | E36: 0.5 | F36: =IF(OR($B36="",$D36=""),"",$D36*$E36) | G36: 1.4
F37: =IF(OR($B37="",$D37=""),"",$D37*$E37)
A38: ↑ 18 September 2026, both cash-ups: £1,174.75 at 16:57 and £836.30 at 22:46. | F38: =IF(OR($B38="",$D38=""),"",$D38*$E38)
A39: Put the next night in underneath. What one sale takes: a pint 1, a half 0.5, a large glass of wine 175. | F39: =IF(OR($B39="",$D39=""),"",$D39*$E39)
F40: =IF(OR($B40="",$D40=""),"",$D40*$E40)
F41: =IF(OR($B41="",$D41=""),"",$D41*$E41)
F42: =IF(OR($B42="",$D42=""),"",$D42*$E42)
F43: =IF(OR($B43="",$D43=""),"",$D43*$E43)
F44: =IF(OR($B44="",$D44=""),"",$D44*$E44)
F45: =IF(OR($B45="",$D45=""),"",$D45*$E45)
F46: =IF(OR($B46="",$D46=""),"",$D46*$E46)
F47: =IF(OR($B47="",$D47=""),"",$D47*$E47)
F48: =IF(OR($B48="",$D48=""),"",$D48*$E48)
F49: =IF(OR($B49="",$D49=""),"",$D49*$E49)
F50: =IF(OR($B50="",$D50=""),"",$D50*$E50)
F51: =IF(OR($B51="",$D51=""),"",$D51*$E51)
... F600: =IF(OR($B600="",$D600=""),"",$D600*$E600)
